{
  "accuracy": 0.6481481481481481,
  "precision": 0.5428571428571428,
  "recall": 0.8636363636363636,
  "f1": 0.6666666666666666,
  "true_positives": 19,
  "false_positives": 16,
  "true_negatives": 16,
  "false_negatives": 3
}